{"root": "FDDB/", "folds": "FDDB/FDDB-folds/", "Min_faces_8": [[27, 730], [22, 2548], [15, 2751], [15, 494], [15, 106], [13, 2089], [13, 0], [12, 2806], [11, 2445], [11, 729], [10, 2637], [10, 2301], [10, 1404], [10, 1317], [10, 1096], [10, 1065], [10, 257], [10, 19], [9, 2778], [9, 2613], [9, 2200], [9, 2084], [9, 1551], [9, 863], [9, 279]], "hist_face": {"13": 2, "1": 1700, "3": 268, "2": 631, "4": 108, "10": 8, "7": 26, "5": 46, "6": 32, "8": 9, "15": 3, "9": 7, "11": 2, "27": 1, "22": 1, "12": 1}, "size_max": [450, 450], "size_min": [222, 171], "img_nb": 2845, "face_nb": 5171, "MTCNN": {"All 0.50": [0.9346074451540255, 0.9384615384615385, 0.5], "All 0.55": [0.923038715600321, 0.9288461538461539, 0.55], "All 0.60": [0.8867987228814574, 0.8961538461538462, 0.6], "All 0.65": [0.8298356658431827, 0.8596153846153847, 0.65], "All 0.70": [0.7087926331018299, 0.7865384615384615, 0.7], "All 0.75": [0.49001424003832544, 0.65, 0.75], "All 0.80": [0.21983002523496847, 0.43365384615384617, 0.8], "All 0.85": [0.05012193655980772, 0.19903846153846153, 0.85], "All 0.90": [0.002877593385909592, 0.047115384615384615, 0.9], "All 0.95": [1.231163202994189e-06, 0.0009615384615384616, 0.95], "All 0.00": [0.9443718417657122, 0.9471153846153846, 0.0], "small": [0.6263419473744504, 0.6901408450704225, 0.5], "medium": [0.9248575699412988, 0.9313929313929314, 0.5], "large": [0.9810627055711152, 0.9815573770491803, 0.5], "desc": "mAP/Recall/IoU MTCNN at FDDB with conf>0"}}